*B11	241.7188838	322.980575333333	170.9197631	222.7418534	136.9646372	262.7637994	190.7123467	146.0169668	208.1479192	431.2545448	268.2669582	402.6545746	912.739401	657.2363238	432.4196178	143.4691005	277.2513661	124.3002784	479.2683571	154.6953525	252.930262	237.1082814	535.8478126	76.3598079	533.5664025	277.4244584	250.500426	132.0679807	198.1211603	107.2488813	320.924082	370.243163	294.3770546	282.3294408	309.6974679	303.1171351	103.0832884	307.9439459	161.5484096	160.6957559	350.2524301	194.5955136	308.952234	117.1785046	295.7675877	351.8772678	219.2950658	351.3195342	221.1957108	249.9394139	491.562618683333	41.6894481	361.5343452	264.7362787	531.7688945	556.5742436	85.7033918	283.0422792	358.1138762	1437.156674	429.2206882	80.5304433	313.5643943	176.0432066	266.7444077	224.8673264	328.1999052	321.6148461	453.067168	356.9630345	200.6948861	551.632507	290.1896078	327.4509734	255.6268324	141.2601759	725.1872171	429.010882433333	107.9096417	162.5173779	539.8714677	270.703766	153.9637566	206.1505131	494.3118742	748.6261949	313.1812004	274.9823394	508.6570689	211.7027623	142.2161415	127.7664702	420.9210942	126.2850351	549.5141638	76.6117704	353.254586	175.5552905	208.0739044	305.331800533333	485.6559463	848.9154125	217.3899691	254.745953	118.8372456	295.931563941667	246.3415461	226.570058	260.3911498	270.9409126	335.1104979	272.88718	214.7940168	137.5515005	148.0153457	172.5400207	239.5232833	201.2579354	460.7038601	225.9868527	279.0740134	159.9910416	217.3544461	325.4509924	296.9414734	290.9774795	220.1663788	277.3922588	1526.730932	58.8139282	554.4697025	416.6924151	103.1668543	104.1332076	200.2910725	211.489949	382.6630681	341.2506993	483.2401066	1316.08843	367.0490768	460.8620494	218.672169	161.6357967	331.6862484	303.3656893	417.3602416	471.6977278	167.4785169	208.8863122	477.1946255	170.8562644	144.1591379	303.8312604	479.9422525	89.2493743	729.9575892	501.1276504	260.961282	174.6332517	207.5672897	551.1281475	287.0775378	101.4288332	186.2857258	283.0649266	195.7900496	330.1481897	305.1281189	191.1943761	458.3447743	77.8531844	356.0112633	694.7848727	181.1921014	181.1372293	278.0782147	201.1712277	193.7179505
*Na23	107.5296315	158.141676775	82.4659984	112.5930066	64.3985111	132.197691	104.8318603	65.5643088	119.8701809	206.202851	128.913941	198.8130706	413.7931531	353.988589	192.6108689	72.8500667	133.4764723	74.5794997	213.1655491	91.1992597	114.6779339	112.2400255	266.3770685	41.94985142	279.5830771	146.1175533	119.8268735	71.8045689	84.9422694	60.9349221	157.4665714	209.5072897	142.3729004	121.4870148	122.6481659	135.9718621	53.11581514	152.0830223	63.5647334	71.4458614	174.61239	87.9161925	125.388102	57.71708652	139.7501635	179.2702743	103.6753257	174.3046013	122.8656808	141.5583061	228.185414025	34.40240931	157.8929206	143.7185716	212.88265	274.4083215	52.97911341	139.3047948	179.0954454	623.3916643	219.0402988	48.93132095	158.1855862	94.9953615	141.8138144	94.0972671	167.7724169	151.3151874	214.1580615	184.4814075	102.4814219	257.025565	150.5167183	154.1329568	120.052467	73.1393347	393.0074947	200.4514659025	72.2505195	80.6834926	260.1115624	135.1691893	82.0301721	97.7276796	229.4354968	328.0162175	140.9514163	146.1657479	218.3918056	105.9600641	63.2295176	69.8361007	229.8569967	66.3804698	288.9382239	47.64408249	160.9339704	107.7235682	73.5608609	146.7820111	233.3695538	388.5652025	91.9363712	144.3975124	58.44136	138.225443233333	123.7305832	120.5607686	128.2879714	128.865143	159.3481778	133.3579178	107.4294313	68.1015693	73.4265386	97.53131	123.8022867	93.8817479	216.2664957	97.5399607	122.1553875	92.8710788	108.136088	158.8058841	148.2704814	142.8817395	110.7640811	137.5089803	725.2749372	62.5881527	301.0620777	189.8971218	53.49029266	45.7757322	108.0818808	93.0457455	173.3253047	177.4119103	212.1417532	614.3578694	182.4080687	238.3802655	96.9669428	149.1894412	155.4800718	150.8844379	212.9519668	234.7485241	74.4576425	104.8019328	225.1085725	83.3496075	90.053747	156.9513141	210.072376	131.8281885	338.0077697	257.7216375	133.3277231	90.4356551	102.358459	231.3443358	125.8784502	49.08194796	85.3291081	131.3704467	95.7484902	167.4844688	154.9116684	80.7594974	234.9119774	47.79477002	191.8410218	314.0899223	92.7742168	89.6431632	148.8609153	109.8891589	106.6575888
*Mg25	2239.078868811	2044.514956811	1903.060186811	2246.607202811	2379.514101811	2105.961156811	2081.822290811	1796.995144811	2304.637531811	2324.544185811	2025.499691811	2317.481927811	3376.943401811	1987.975643811	2024.058010811	2098.924163811	2492.787972811	2366.844725811	1742.108925811	1974.409503811	2189.594661811	2093.240885811	2352.693211811	1832.830069811	1458.946589811	2063.864981811	2157.025460811	2273.090124811	2138.539157811	2134.115657811	2141.871867811	2383.899858811	2404.829475811	2382.508252811	2070.705835811	2133.221153811	1919.508138811	2120.578144811	2288.498032811	2048.766530811	2102.764566811	2005.949371811	2252.612592811	2011.402923811	2429.575621811	2249.198867811	1715.671614811	2365.084988811	2438.005518811	2505.550751811	2240.925301561	1883.047929811	2371.498426811	2126.116378811	2470.770235811	2465.838969811	2083.832630811	1841.756762811	2557.515294811	2005.143999811	1991.596635811	2417.671183811	2434.231585811	2247.213759811	1960.310778811	2232.402559811	2534.044041811	2129.370237811	2347.788669811	2467.421105811	2256.213110811	2135.198155811	1997.303793811	2396.272522511	2822.621803811	2235.581448811	2011.291681811	2351.10531297767	1903.587735811	2761.066680811	1350.597282811	1949.980283811	1983.438238811	2508.010627811	2445.658967811	1248.401892811	1979.674850811	2092.417596811	2366.772888811	2038.458875811	2539.277313811	2094.978375811	2171.851935811	2322.354490811	2275.543058811	2316.885615811	2192.764813811	1992.974079811	1974.261986811	2156.598572811	1402.793195811	2552.129411811	1835.182772811	2338.539795811	1734.137532811	2075.53444347767	1903.536611811	1803.839553811	2139.755601811	2157.976219811	1929.299672811	2409.557775811	2031.428128811	1802.159555811	2657.641536811	1477.724089811	2101.984097811	2011.876967811	3379.341501811	2228.590587811	2134.220166811	1773.587670811	2051.336896811	2138.630960811	2120.845318811	2375.238640811	1734.556886811	2202.372535811	1483.108124811	1817.443193811	2476.232073811	2303.199230811	1883.769895811	2110.255045811	2099.976172811	2101.800678811	2513.910318811	2112.665952811	2249.129538811	2584.280317811	1904.990822811	2061.178295811	2313.946370811	1644.588470811	2233.690739811	2540.389922811	2170.590091811	2440.896052811	2171.990054811	1913.404942811	2111.419516811	2234.700706811	2005.068941811	2446.421729811	2496.423178811	1611.000973811	2366.552997811	2575.701743811	2341.057698811	2183.488765811	1986.169592811	2580.564321811	2137.989327811	2155.405965811	2205.805538811	2230.152274811	2268.009287811	2009.715540811	2092.119497811	2190.028119811	2033.559066811	2048.930936811	2311.003185811	1688.590005811	2470.434781811	2379.378608811	2337.329016811	2135.935439811	2232.471026811
*P31	4162.35018489	3437.87701805667	3929.64751889	4005.40654989	4103.36673089	3436.21202689	4346.51604389	3082.57030689	3777.66040689	4069.05353089	3702.35649989	4029.48199889	6743.99743589	4096.61570589	3781.83165989	4177.17103389	4396.56834289	4374.37786289	3796.04652289	3047.29392989	3681.17737289	3171.30405289	3667.84008789	3396.95974689	2733.70421789	3255.70216889	4187.44529489	4058.91340789	3735.49434589	3402.81299289	3866.67623789	4218.65243289	4624.33276989	3572.09403789	3122.53873989	4201.78784589	3397.58078489	3729.55290389	3574.22699289	3479.58799889	4298.12454889	4076.92337089	4015.10813489	4359.40972189	4577.87891789	3652.32816889	3172.38191589	3999.80635689	4068.64861289	3822.08755689	3899.64485080667	3314.62814789	4588.44779189	3548.65986089	4883.02257089	4490.93063789	3496.51638889	3015.81975789	4035.90102489	4042.77994289	3733.24670789	3768.55639089	4302.75103189	3690.72911689	3630.15033689	3034.58713889	3788.65473489	3272.32760089	3949.71211289	3935.32987089	3800.89899189	3797.85552889	3638.61957589	4743.24742979	4447.99424189	4064.93157489	4047.69948089	4044.47370205667	3539.12605089	4462.39728289	2839.51452889	3792.14938889	3440.87880589	4016.89802289	3940.00383489	2593.98268589	3391.03545889	4077.83031889	3663.25730089	3932.10789489	3664.65225589	3394.79807589	4023.04697689	4012.58321189	4274.93717089	3674.49240489	4195.61902089	3706.13443589	3778.75012289	4175.46145230667	2472.53609489	4468.65348289	3223.69879689	3986.99371389	2851.20463689	3460.33895030667	3585.85413589	3563.83616489	4104.37692289	3688.15254589	3560.04787989	3992.29904889	3743.85172489	3819.95201189	4633.52897789	2513.65968889	3753.51031789	3188.56029789	4965.41906989	3363.80331789	3527.26331489	2714.03567189	3782.39606089	3313.69901189	3983.05683289	4264.61818089	3917.58428789	3682.42688589	2513.44883489	3221.32687589	4237.65099289	3810.62314089	3082.04608189	3269.04312289	3439.24903789	4102.22537589	4228.43773689	3625.75475689	3634.66930289	4867.86860089	3139.81121989	3592.96543189	3547.58839889	3477.39201489	3792.13649489	4068.47033089	3970.66429489	4240.46906689	3331.43795889	3236.99690989	4389.49331089	3853.28394889	3502.91941989	4141.04637289	3844.95593589	4017.74483689	4566.94689089	5137.02555489	4951.14635489	3702.86054489	3460.00397989	3870.84382289	3479.26473689	3321.74795289	3819.04919889	3669.04443789	3882.55429389	3411.91466189	3166.59655989	3608.39044989	3619.10462389	3201.97649389	4792.11244389	3374.03829889	3776.30251889	4197.31389389	4621.01014889	4061.79707489	4487.68560789
*S34	2093.3382947	1895.91949486667	1618.0446077	2052.7574347	1954.9721887	1916.2031327	2098.2965477	1923.7486017	1903.5187917	2474.8041337	1698.2144447	2198.3410717	4809.7496887	2433.7512117	2475.4198797	1833.7391487	2225.0061777	1858.4521807	1947.1719747	1482.4138677	1891.5318757	1745.5126827	1911.3724067	1533.5012087	2490.4518497	1657.5400897	1808.6418197	2280.9634037	2033.9905107	1578.1729577	2521.4269847	2630.6704507	2755.9279107	1720.4713747	1489.6275837	2025.3162057	1649.0661827	1876.3192417	1706.6599877	1946.2261707	2274.9604067	1951.1089407	2124.6496377	2095.5637117	2672.3302447	1944.8214757	2090.8709827	2180.7586957	2361.0522477	2362.5213987	2673.55751961667	1688.4107437	2132.7146537	2319.4337147	2334.9643627	2910.6452087	1507.8307427	1983.2372227	2677.4895377	2353.2209927	2112.8048027	1775.7236717	2139.7757277	1878.3558627	2036.9701517	1897.2152697	1695.0340237	2437.5752147	2682.3470907	2252.5984877	2159.4100347	2020.6665047	2104.6538697	2765.6779654	2344.0354917	1883.4766387	2121.4366577	2459.51558845	1552.3065577	2399.4046477	2534.6900457	1860.7696637	1698.3079867	2107.9634017	2568.3321307	2140.8674537	1797.8815537	2068.8744777	2200.6818957	2341.0576347	2078.4873567	2300.3696917	2238.6461297	1701.5359277	2629.3357827	1776.4461737	2087.8852247	1797.2495827	1992.1590737	2222.2494137	2590.6696267	2628.4789157	1951.8432647	1801.7776147	1696.0856627	1899.64958253333	1962.7017777	1854.0131657	2564.3663307	2204.5995827	2264.7722717	1784.3022317	1653.1786537	1977.2993697	2478.7249157	1898.9541687	1814.9415377	1689.9010347	2629.7316907	1543.3317337	1912.4178737	1797.0719527	1524.7545787	2088.6246207	2118.5998217	2122.0014037	1938.3472197	1962.5520867	1749.0731037	1686.1555607	2627.9027147	2197.5989547	1204.3682057	1735.8104787	1999.7995717	2320.6992487	2075.8240837	1952.2715407	2149.4218527	2675.4515077	2194.3773507	1996.8249627	1860.1113127	1802.9303467	1972.2725347	2492.4847647	1972.9278897	2283.2704777	1375.3135717	1499.1433027	2325.5391697	1966.7482287	1772.2605017	2239.6165187	2596.9884777	1691.4982057	2794.4759197	2383.2604667	2005.4282477	1402.5784197	2010.3881197	2200.0502717	1854.3010647	1770.1925127	1791.3964577	1734.5127507	1864.0920147	1898.4941367	1829.5897167	1726.6543567	1927.0820257	2064.2311807	2561.1708397	2160.8140547	2166.7286297	2088.3561177	2861.1655597	1946.8005837	2285.7201607
*K39	5459.076385938	3583.44319452133	3756.591436938	5296.181578938	4073.139379938	4250.245242938	4422.273447938	2710.587768938	3627.326535938	4537.403878938	3761.488365938	4516.984820938	8881.672390938	4085.626999938	6143.759012938	4498.323083938	5145.152101938	5398.688187938	4541.286828938	3110.248401938	3551.785916938	3392.507395938	3379.570551938	3088.832316938	3817.520135938	2958.525052938	3841.261540938	3697.458106938	4814.437098938	3764.135474938	3817.814168938	3800.777516938	6016.559032938	4253.019841938	4909.034274938	4871.246481938	3456.757622938	3895.221009938	5159.137129938	3239.022744938	5678.574774938	4539.095529938	4277.894175938	3812.915730938	5543.447412938	3870.791875938	4254.958623938	5230.143090938	5159.022353938	3355.262727938	4753.53721227133	3384.947245938	4640.868531938	3530.444772938	5653.062626938	9392.168352938	3528.752035938	2966.150663938	4037.002231938	4904.609777938	4793.790970938	3002.191323938	3739.204717938	3332.885897938	3516.136388938	3044.248313938	3648.690513938	3425.652204938	3342.398197938	3416.894014938	2979.968634938	3115.043024938	3596.234292938	5251.471358438	4817.435814938	4778.855825938	6043.114445938	4427.797319688	3309.166465938	3199.976250938	3190.843743938	3808.172250938	3819.117355938	3863.378342938	3576.828536938	3265.515387938	4031.160003938	5193.054499938	6109.849019938	3424.837986938	3578.890918938	3200.446911938	6439.727861938	4576.388127938	6286.352312938	2835.531505938	4085.996659938	3360.692512938	3119.034680938	5486.15122135467	3052.373311938	5308.455531938	3872.571139938	3711.596359938	3377.702264938	4859.63177460467	3605.044779938	4178.914247938	3471.359613938	3611.970915938	4149.720502938	5422.774542938	3520.869897938	2917.913695938	3858.067132938	3342.959365938	2571.302726938	4046.725918938	5865.899109938	3097.887884938	3452.555162938	2903.804411938	3900.045489938	4373.579465938	4650.652210938	5204.515832938	4275.643962938	4419.733716938	2612.076982938	2846.727764938	4446.380689938	3419.547763938	3584.740712938	3450.880084938	3508.982605938	4260.813099938	4428.489358938	3456.795728938	3404.692381938	4620.748960938	3468.534887938	4109.140625938	3694.734651938	3393.104953938	3631.517281938	3276.569841938	3231.375353938	4672.359771938	3144.887019938	3157.664762938	4942.764270938	5764.494602938	3045.872424938	4058.647935938	5485.228197938	3705.386910938	4863.882083938	5301.537443938	4447.309808938	3280.255975938	3418.800055938	3715.902483938	3852.469920938	3582.785594938	4033.551140938	4686.160107938	3535.399180938	3320.532432938	3122.055175938	3720.901222938	3363.369160938	3670.419503938	6705.357988938	3454.320068938	3069.585499938	4068.458506938	5669.509189938	4087.572140938	3912.322193938
*Ca44	164.03317201	159.922742676667	112.29513991	53.93054781	177.38429931	80.31193291	81.81206851	84.32676831	103.11629111	112.31880751	122.45745661	80.66030451	631.45442561	172.59765011	154.58621631	59.19796711	53.13997521	43.52734961	109.13354321	58.77437401	173.91360581	50.91260911	145.50447131	59.02710341	248.64612361	56.34794441	50.04720531	56.05035551	123.16105871	20.48315921	79.81114401	92.10007331	151.13920941	4.88646241000001	0	76.41390591	61.42331121	433.27203551	15.3773661	107.49555601	84.74375051	102.02522671	88.57253211	45.90339101	122.95574861	64.35900961	72.29228201	112.72241231	120.04463941	117.06150291	250.623326101667	23.58121311	138.81479801	77.16389701	10.21268869	293.35754771	17.120849	132.24039511	67.69274211	79.84995971	110.76841871	38.46095741	153.33542601	59.59267591	124.08213271	45.49682051	91.54309201	66.32726051	195.49385851	99.64837281	62.64808551	94.52593711	71.15120291	185.49638458	60.79199001	80.79361801	159.70738771	191.379555043333	90.73060591	89.77112061	154.41172691	60.82043391	30.56939391	61.66178631	75.87589711	242.91094831	156.32854021	54.74324311	158.35867291	70.03826001	142.43550171	42.92516051	148.53476161	104.34346661	147.47241101	47.25738031	94.67931971	73.13312641	1.81581172000001	190.617740368333	208.77808981	139.88038011	161.44032361	72.94029481	40.89681711	128.292845393333	63.75737931	88.15369281	87.76328761	66.33007701	111.54791281	73.72413191	40.56442581	0	79.52861961	93.92788621	40.08952501	57.12062511	463.74084791	32.90031521	99.52043341	59.82736611	29.72902641	132.24117141	104.91348981	76.89802091	52.29558291	68.79431381	126.83126841	67.54143591	125.45017591	133.39826741	48.42235011	80.50915131	76.43047201	79.84505561	57.02219991	50.07809561	103.01796361	132.71537801	94.43731481	126.51382351	148.17017321	84.77155991	136.08182881	102.25471651	125.00699351	112.10975421	44.31731811	119.32431111	83.64882651	135.98922201	123.92053841	120.31790611	142.59724841	135.85569641	216.37475771	110.00775551	115.23723471	59.00858791	45.30735381	114.69542461	94.75916441	29.87115521	35.13867671	78.94231371	119.06385331	56.68367341	39.97052781	80.88710981	74.50684521	30.07688601	167.19790291	193.58131391	71.45181761	108.19952981	84.80785181	45.06127301	53.11341451
*Mn55	7.756916873	6.307285594	4.422011997	7.86093332	12.421418375	4.5718306	3.291958782	3.830478582	9.308467114	5.15119189	7.195395169	6.760222411	17.525102225	7.246386757	9.73062389	9.497190458	6.715448639	5.172537632	7.630761255	2.488616865	7.944605187	4.529263781	3.999559094	7.476035107	5.02367257	4.529796189	11.893469745	4.726532585	9.00146426	8.879099312	5.276139098	6.52519414	10.283706145	9.80019159	6.636622833	9.456419151	4.041934013	8.443375265	8.706262095	5.132749857	8.754602147	8.443589262	6.010855871	12.298022455	9.516526353	6.544894191	5.584045163	10.511246365	10.602845115	9.871159843	9.38789567808333	5.603026567	12.923268095	4.296108566	10.065810915	6.30345925	7.94885679	5.67533846	7.301707481	7.932061075	6.623635703	7.71157263	8.328242946	7.102140175	3.492380821	6.694723664	12.441270885	7.956492447	8.291248796	5.144716289	5.358373447	4.828068951	5.353748015	11.3240463142	10.128099785	7.295472113	7.170918454	8.32792772425	5.988403572	7.284010869	4.723577728	5.925352235	5.879881367	10.037058035	8.796661883	4.304157808	6.513203027	4.647615026	6.428692031	9.119684623	6.221153847	9.853965001	9.671172381	9.620549633	6.187813375	5.17137644	10.851273745	6.304705866	5.766132155	4.7781720975	3.970411703	7.652139029	5.592952695	8.538211018	6.580734915	6.21258952683333	3.785072203	5.081449824	6.861032184	6.450977873	4.112432674	9.610913851	5.244866374	5.199386605	9.554121212	8.978778769	10.209319715	7.870966853	15.148233985	4.486170549	6.5549942	3.756088441	5.858176078	3.885838929	7.028475493	7.628290776	5.947078303	10.002520285	2.62213129	4.672160507	4.981742789	6.62076819	5.645506246	4.996226478	5.464474339	4.700460679	12.414950445	4.706875306	6.114409747	10.755402045	4.28634172	7.356343257	7.55391973	5.854878292	6.34081564	3.974284849	7.095319228	5.31478863	3.836146663	4.613247704	5.989659427	10.054037915	4.173833104	5.777687352	9.101549696	9.050503092	7.882588243	8.143751577	10.320875365	4.003053422	3.524946708	5.18551682	10.325586275	7.130709944	9.757950416	6.202362374	4.823965187	8.160593109	4.934610654	4.280696812	5.85978399	2.831061803	5.968901057	3.447950021	4.886724783	10.815000725	4.590349354	5.884446966	10.107181275
*Fe57	24.044414187	26.4220377978333	14.846340257	24.970120277	21.867051557	18.957756537	23.271505407	22.829340067	25.484299297	26.805561767	25.611397467	31.037487397	-	32.605948867	28.064655657	23.736980597	28.381521037	24.751700577	21.406031237	20.180781707	18.406564777	20.695465527	33.882038917	19.636652797	33.444798257	14.969284487	25.844522617	22.911065087	25.339403867	19.230629127	28.400295517	31.464097297	32.019636597	28.568023377	15.844884297	22.867135317	16.426971427	21.275377317	24.907976277	23.591498477	25.739376977	25.701908467	28.575553617	24.750350527	35.231642617	19.579833367	25.808065417	31.726813447	36.124349197	27.106068077	33.1600214961667	20.198291087	30.063367687	23.639645637	25.427102027	34.766845507	16.416709687	24.065450717	30.017953337	30.193613247	25.288009017	20.353781877	21.246548347	21.408132697	22.839388997	24.592457417	27.876412197	28.560556597	38.744095927	25.247545187	24.637185957	26.594693477	26.456642147	27.18317893	22.335799937	21.638004127	27.645984957	28.7065056811667	15.430809267	23.241551227	29.638471107	23.047081087	16.442262397	20.007413867	32.083961427	23.848125537	22.962748067	23.608060077	33.873999647	24.882207837	25.066702947	22.205012967	25.955511667	26.817703247	31.916895727	17.026719307	26.340117557	20.831744627	23.980405007	28.7223079053333	28.191410307	32.787983837	27.469271757	19.403452457	29.717118677	27.0407227061667	27.105579037	23.207629877	22.270442837	20.790643007	28.333822497	18.573857077	20.924458537	17.505353907	23.522056417	23.296989237	18.642212387	18.539441637	40.788521577	16.722380587	28.009973997	21.420608847	21.205591047	23.314647417	22.252518967	23.360587087	16.352660257	20.701904487	31.744703237	25.599775247	35.804861367	23.499165817	13.831058587	25.701235257	22.702863067	25.683787647	25.546886277	20.230738027	24.349470967	33.387403827	22.262391387	26.094250947	24.589697437	19.718806227	28.045027177	30.206470557	26.664515227	21.358612987	21.651713137	18.324308727	19.656123867	22.048795627	19.523759287	23.509754417	26.461690427	26.483110117	36.427821007	27.987961787	33.055812017	22.847752177	30.173099427	29.286729637	22.777871817	21.716094957	19.224329237	22.574334517	22.513619097	20.762771627	19.333453937	24.169627987	28.654280897	24.472790777	33.050809627	26.786625697	19.994491337	24.470498377	23.280983477	18.566635957	22.472721847
*Co59	0	-	0	0.000336276999999999	0.000322070999999999	0.002460408	0	0	0.001735278	0.00351417	0.001176664	0	0	0.005743991	0.00080529	0	1.25019999999993e-05	1.04729999999996e-05	0	0.000377148999999999	0	0.000348686	0.002123596	0.000638562	0.009249937	0.000375769	0.000200638000000000	0	0.000510913	0.000438993	0.001275661	0.003781811	0	0.001786714	0	0	0	0.008531818	0	0	0.001624511	0	0	0.000659392	0.002737534	0.000589923	6.69829999999996e-05	0.000694042	0.003467441	0.002092024	0.0024068865	0	0	0.001408397	0	0.002474556	0	0.000984248	0.001340823	0.009182578	0.005587891	0	0	0	0	0	0.004682766	0.00116568	0	0.002550438	0.000803927	0.000848034	0.007493127	0.0009372499	0.001699463	0	0.014596786	0.00100561291666667	0	0	0.002707875	0.000832328	0	0.001402139	0.002239536	0.00296141	0.001598313	0.001023337	0	0.000758548	0	0	0.006269656	0	0.002597184	0	0.001799922	0	0	0.000747214666666666	0	0.011704678	0.000798513999999999	0.00585666	0	0.000992828	0.001563911	0	0	0.003465408	0	0	0	0	0	0.000148812	0	0.001099042	0.000882741	0	0	0	0	0	0	0.000765432	0.000228821000000000	0.000823111	0.013472009	0	0.000487347999999999	0.001012083	0	0	0	0	0.000259268999999999	0.000740818	0.002434018	-	0	0.005221223	0.000654668999999999	0.001593331	0	0.00836052	0.004263454	5.19409999999998e-05	0	0	0	0.000810325	0.000496366	0.002599524	0.003680549	0.003662913	0.006329086	0.004034097	0.004814981	0.000481193	0	0.001741683	0	0	0.000666328	0.000225657999999999	0.001074477	0.002171993	0	0.000785817	0.000362154999999999	0	0	0.001049691	0	0	0.002161854	0	5.24169999999999e-05
*Ni60	0.060175139	0.0534683840833333	0.183529283	0.153608044	0.114147894	0.282323515	0.052777711	0.157935873	0.050478459	0.191640745	0.200404101	0.328074442	0.346988269	0.064666617	0.380757537	0.087943033	0.229465228	0.275632438	0.367251723	0.407195452	0.114164184	-	0.328885686	0.186676172	0.064308817	0.146754093	0.08575272	0	0.102925282	0.623041089	0.05028972	0.18480008	0.113276378	0.2650182	0.183642848	0.228642096	0.068183803	0.267179993	0.150786985	0.072343578	0.143696428	0.082718815	0.355375465	0.008716614	0.107018609	0.349967755	0.088278739	0.316655619	0.1091726	0.061787416	0.0651171276666666	0.067825814	0.096907558	0.134067018	0	0.347870798	0.145419881	0.131838505	0.077275379	0.24465386	0.122475388	0.108247725	0.313430665	0.039545037	0.178311356	0.250516958	0.218162005	0.238175694	0.132512803	0.00350199299999999	0.079545866	0.037082468	0.195369109	0.1611061567	0.357618024	0.212602686	1.007988738	0.0638409994166667	0.195424752	0.510906362	0.037364869	0.424303952	0.251579132	0.101319467	0.292908855	0.103746562	0.018603178	0.20450078	0.239918044	0.117468482	0.192908357	0.337834007	0.157974871	0.194703639	0.110638828	0.359868247	0.773657703	0.302821837	0.277941277	0.213585525916667	0.307911042	0.052013381	0.278828828	0.365140477	-	0.11666716675	0.190205033	0.268189728	0.076634445	0.170510992	0.138761331	0	0.095393931	0.097829665	0.094060574	0.016969143	0.348071705	0.07231978	0.160232863	0.202710159	0.065405017	0.345001193	0.21211571	0.054702794	0.123861525	0.036871387	0.661420529	0.165480885	0.316630737	0.116241545	0.0267203	0.080731654	0.127836338	0.225227552	0.070190119	0.25451959	0.141040542	0.057263765	0.063798281	0.622679851	0	0.155660015	0.184904872	0.134393416	0.041872025	0.075794841	0.005738466	0.221619591	0.116012346	0.141637704	0.373217213	0.078613601	0.108807219	0.292830648	0.400681249	0.102708544	0.301903205	0.103644063	0.125827501	0	-	0.017838492	0.227025437	0.118718961	0.143882659	0.085705305	0.276637211	0.063560354	0.103188574	0.143652074	0.040828566	0.416039647	0.320295408	0.110159111	0.072545323	0.196007916	0.132571226	0.067497173	0.195377399
*Cu65	1.713936822	2.0768282025	1.916728304	0.814936264	2.052464144	1.804682699	1.912897195	1.535479087	1.306035376	1.142148382	1.96701344	1.583229573	3.252695954	1.732449323	2.941496659	2.084702589	1.276311681	1.02957418	4.07318182	1.312471501	0.911298852	1.750171011	1.493471561	1.316559054	2.234904122	1.117366309	3.04066646	1.302256322	1.7880704	1.196264667	1.608062441	1.931354863	2.306954733	1.746288194	1.30241394	1.541053053	0.623333473	1.483559516	1.332533879	2.659734689	3.460367553	2.172354009	1.863180535	2.627025915	3.609153956	1.153021261	0.916575405	2.623763583	1.738879902	1.345618013	3.04953960941667	1.235684943	1.312235698	1.29582802	0.692967083	2.348502828	0.796436748	1.087281494	1.605122049	2.570981002	1.633488524	2.405833545	1.622839308	0.926719826	1.150899031	0.824178872	1.906087132	0.934814239	3.02926365	1.572391879	2.11291384	2.262338518	1.669083662	2.3312297483	1.85889899	1.792231822	2.148635125	2.03466582916667	1.31305971	1.797856643	2.111725634	1.896344396	0.811837955	1.42239797	1.260381504	0.9389151	1.20263652	1.37823128	2.787444516	1.608373603	1.641018234	0.833595146	1.708407438	1.573134955	2.976641995	1.829653531	1.544545428	1.370878756	1.718937103	2.73814253975	1.580685555	2.709918133	1.586713596	1.129177534	0.928733811	1.80999478783333	1.181157045	1.784984231	1.191997111	1.497139951	2.282812271	2.110206495	1.096048223	0.711774809	4.516674233	1.409717216	2.337209034	1.124182903	4.039099389	0.709016453	1.156769649	1.122283759	1.180381409	2.003230126	1.356629341	1.835730022	1.260889759	1.227007636	1.393770569	1.630511311	1.568971885	1.712724491	1.170765817	1.422456499	1.248175616	1.998825087	0.691896245	1.724281676	0.812166409	2.271610967	0.918098891	2.37358174	1.695183273	1.190403071	1.166693118	2.079537439	2.327780069	1.915298224	0.71801178	1.456436953	2.299992002	1.241161209	0.911731971	2.739754302	2.507060506	1.988130515	2.077978248	2.757464158	3.298313753	1.201261613	1.085125221	1.214999591	1.047454803	1.348162137	1.275653726	0.703165268	3.094847452	0.702491797	1.143114836	1.004515074	1.937901636	1.248206851	2.57820387	1.402672511	1.407617526	3.42036239	1.711349086	2.097159494	2.05735929
*Zn66	21.202938543	24.5570279971667	13.063355143	32.981215843	19.557477183	21.277912053	13.169887853	15.503900483	20.688599033	11.829128353	20.109275823	23.101226233	35.661500903	18.516623643	20.893209183	20.674637363	27.248766703	19.813938943	19.258962813	15.854519263	25.030896833	18.123617593	17.065190143	18.164069333	21.712196763	15.782172223	25.577625853	25.171973253	20.940336383	22.759727173	20.522290723	29.613775083	11.792773023	20.575368043	18.223527653	23.960852593	16.476709013	-	19.528931683	26.222431713	23.523261863	21.793897423	22.647967313	20.974577113	23.080468143	19.634401493	25.955294613	26.567469993	23.474098113	22.142194583	25.278788703	12.207837973	12.063820023	23.053491283	5.803970545	21.610792303	13.412264873	10.952482883	20.551511893	22.060452153	18.782543773	17.573958163	18.672043733	17.158091813	9.063863444	19.616193323	17.776122183	22.840174343	20.111229783	21.472711403	22.124557493	27.026492923	26.887811973	19.196518084	25.707067483	24.425692863	19.731536463	12.8276946746667	63.571259953	27.307049853	17.783284983	19.404050863	15.472410573	16.491138213	22.971805353	6.678319724	19.469512823	21.114589863	16.097137773	23.393244013	23.052331943	17.581130773	16.302581313	20.061435523	29.360088143	28.352436843	27.948736813	11.679749283	10.090414833	23.518249153	11.366035783	28.634610243	21.690161083	16.996202773	15.455182543	17.4084986088333	15.891071143	12.971311743	17.802009893	25.438502303	20.418541423	19.639003553	15.218118643	13.745212573	29.743654203	22.172797663	29.496634833	22.394177203	47.834888553	19.588191133	12.162131863	16.965222363	25.097744093	12.235441463	22.822760403	20.811289853	11.906058663	25.521111523	14.026939893	20.624207693	25.020996773	18.300304143	16.069716003	13.995928423	23.103009433	24.469808563	17.608602783	21.490832423	16.946413803	23.910809303	19.388600283	25.247209643	16.127116393	14.696639873	20.695315453	19.491791163	16.177294543	17.032580363	13.860105523	19.137855903	21.621562293	19.054252393	55.764039073	16.622761113	28.698423133	27.108501653	26.475239423	19.162203613	26.362640363	12.150311503	22.716409723	22.854974713	17.931633763	22.204236223	20.001285863	18.118084023	-	23.823706393	11.996939393	16.327071533	25.951740093	23.129525463	18.211786953	14.186046103	15.499950003	26.156270053	24.892228393	16.570319773	21.256361653
*Rb85	2.240375646	1.55219787675	2.305120076	3.661392916	2.788350131	2.490442602	4.928838501	2.716122851	2.009909973	3.367421938	1.84157519	1.698640529	8.486574622	3.146962297	3.305189811	3.281415273	3.9637577	3.948753109	4.462675543	2.620188646	4.852292267	1.897526044	1.774127317	2.757655673	1.552708517	2.291012576	1.844922168	1.911243	2.374119221	2.038369767	2.128673732	2.396529458	4.517086583	2.082905357	2.486444213	3.925235134	1.973830819	3.455579466	2.924279689	2.449530252	2.552434614	4.295219913	3.982244511	1.488507996	2.65831941	2.31014667	2.162048834	4.041978263	2.561100059	2.043717871	1.77788350966667	1.839270192	2.559779649	1.31033069	2.488169298	7.009114672	2.278816747	2.090724688	1.866602926	4.83407128	2.317881329	1.807035387	2.927526357	1.276189268	2.910754413	2.806899634	1.379226292	1.871294441	1.837651477	2.464265016	2.319504102	2.586791407	1.934333388	2.9786315991	2.055160129	2.223558896	3.354184948	4.30923857808333	2.019358063	1.730175105	2.1662967	2.916034402	2.966960488	1.673752014	3.393837272	3.636099583	1.972980914	2.717084161	2.352399204	2.947011961	4.172741924	2.122133195	3.267022066	2.419643779	2.581058641	2.034081054	3.20038478	4.262107674	2.920392285	3.38037839358333	1.87803546	1.332251341	3.658189395	2.195136939	2.882488855	1.7390373305	2.902381127	3.532997254	1.763676751	2.649466654	2.500918272	2.69485142	2.148100013	1.519846758	3.342799569	2.025351477	2.112849137	1.472965804	6.860691061	2.579278789	1.714160308	1.635219438	2.981816147	4.294135706	1.834691091	2.564732449	1.46063473	2.093637047	1.606642321	1.867679102	2.003347922	2.921400163	1.990080932	1.611120915	1.993424955	2.778959433	1.502262894	1.481910188	1.505523457	4.134962262	3.170755813	2.384427843	3.179025206	2.047019014	2.028792349	2.058502934	1.997301578	1.847641896	1.232541501	0.796123728	2.87426191	2.64847634	3.504089477	2.992006156	4.061525523	2.312138348	3.307436964	2.399657831	2.856942094	0.905370631	2.117589629	1.967645836	2.685411206	2.796632057	2.661035649	2.535149464	2.716891821	1.511135498	1.585226301	2.437633381	2.172944683	2.644560228	4.63821553	3.238365324	2.321963793	3.639844639	3.725453763	1.759038854	2.543648775
*Mo98	0.148300167	0.123223435583333	0.064587946	0.149222266	0.213915702	0.165358209	0.098306592	0.06438451	0.099821804	0.163382854	0.089030719	0.118873263	0.339300917	0.270827006	0.150891718	0.213277675	0.323680175	0.099240616	0.136051602	0.072017711	0.180114551	0.129021264	0.098341039	0.09512188	0.173152763	0.104866299	0.095870378	0.330936459	0.166957189	0.125536032	0.172876307	0.148971591	0.190984542	0.284643018	0.080112945	0.186364442	0.118413285	0.120765134	0.113986046	0.154294661	0.176633896	0.131029331	0.138839697	0.186988598	0.151123605	0.135378703	0.142431133	0.136821351	0.172925974	0.188236829	0.250868592916667	0.184884674	0.159374653	0.124853503	0.135339871	0.30548609	0.128368438	0.15640052	0.299530649	0.168177775	0.247770077	0.100060475	0.124432105	0.215578085	0.199434069	0.117506236	0.175289827	0.175163047	0.1574927	0.227656593	0.196462518	0.067845958	0.16738369	0.2187730018	0.205705833	0.067157969	0.145907239	0.19433306125	0.103961513	0.164469516	0.153967113	0.131481797	0.13832694	0.253342789	0.121760268	0.110804992	0.124305471	0.113951683	0.202308629	0.164889179	0.110828631	0.101479206	0.227734376	0.233081423	0.284527382	0.097385013	0.139719046	0.11099143	0.06547265	0.128448958416667	0.19515842	0.212299069	0.095750945	0.243086907	0.110156963	0.0983731366666667	0.199954037	0.175796771	0.196755595	0.093995811	0.214805442	0.251886322	0.156530525	0.121673418	0.189535021	0.081650165	0.208663806	0.119680143	0.293285088	0.110636225	0.146587907	0.051766886	0.106086272	0.139663546	0.111421359	0.124887743	0.087782161	0.127039641	0.188946499	0.16279812	0.217252122	0.08555423	0.08464626	0.146509323	0.120266208	0.11809308	0.229238304	0.16568257	0.16551076	0.175984746	0.080594166	0.180985664	0.106362008	0.224209839	0.136482265	0.149099358	0.221746083	0.176196575	0.140811689	0.142016041	0.208908612	0.167769678	0.101080421	0.174172802	0.220511999	0.330551114	0.155392922	0.174973778	0.195072655	0.151012726	0.2459838	0.233402301	0.085344482	0.106685966	0.188787671	0.127290732	0.122048414	0.153589377	0.123060655	0.182927774	0.171194093	0.073564622	0.185764598	0.222870108	0.226135077	0.191717273	0.158957628	0.318436825	0.223311442
*Cd114	0.049322601	0.00292816566666667	0.039447133	0.047422874	0	0.043886648	0.037103793	0.003244809	0.003810685	0.0011249	0.004431569	0.001223383	0.039082427	0.00223674	0.062106309	0.045707826	0.025671959	0.021557784	0.000270597999999999	0.075341729	0	0.003379949	0.009016241	0.032406764	0.031106881	0	0.057240979	0.053393988	0.000526307	0.052156799	0.005545039	0.049370609	0.004848481	0.002110291	0	0.007438745	0.014841813	0.004137515	0.061130153	0.052397593	0.070994819	0.05638883	0	0.07795699	0	0	0	0.031694402	0.019702876	0.003127704	0.0929576083333333	0.027257985	0.010338357	0.037475863	0	0.011693418	0	0.02301106	0.02083094	0.040583037	0	0.093972408	0.000554806	0.007004339	0.080723078	0.024027519	0.004840576	0.003614516	0.039591703	0.000100307999999999	0.008120403	0.057235735	0.00056694	0.0520833941	0.032448488	0.14260408	0.085046165	0.00581329858333333	0	0.004579217	0.005264218	0.011132317	0.031854199	0.009584006	0.032696606	0.006059457	0	0.084350109	0	0.000182821000000000	0	0.038808281	0.00471798	0.005848698	0.039122991	0.030450183	0.036317116	0	0.013595956	0.07698061575	0.020284155	0.013488455	0.039444784	0.022394961	0.016089591	0.00210824991666667	0.000814408	0.004505873	0.008386398	0.001662744	0.016303113	0	0.054287933	0	0.136419507	0.004239866	0.073389839	0	0.258193172	0.002184174	0	0	0.060804187	0.000679992	0.007402931	0.006860082	0.046494864	0.004254792	0.009618794	0.035363495	0.003224562	0.000640831	0	0	0	0.064338899	0.00188463	0	0.003508382	0.088456417	0	0.091855445	0	0.008023262	0.003699961	0.022641002	0.055901379	0.010885408	0	0	0	0.00337638	0.002669495	0.007632354	0.072529296	0.004335827	0.01350208	0.007598389	0.07454304	0.027188812	0.121085927	0.002592161	0.002179103	0	0	0	-	0.013912852	0.004109408	0.035000093	0.034768622	0.070856699	0.009556884	0.013309011	0.000731183	0	0.067390886	0	0.045761844
